,filename,category,x_min,x_max,y_min,y_max
0,IMG_000001.jpg,°ÍÀè´ä·ïµû,1992,2826,774,1559
1,IMG_000002.jpg,°ÍÀè´ä·ïµû,2219,3065,543,1332
2,IMG_000003.jpg,°ÍÀè´ä·ïµû,1857,3149,778,1889
3,IMG_000008.jpg,°ÍÀè´ä·ïµû,2842,3058,1864,2179
4,IMG_000010.jpg,°ÍÀè´ä·ïµû,3413,4177,1054,1603
5,IMG_000014.jpg,°ÍÀè´ä·ïµû,2768,3419,1660,2740
6,IMG_000016.jpg,°ÍÀè´ä·ïµû,2849,3503,1424,2502
7,IMG_000017.jpg,°ÍÀè´ä·ïµû,2736,3601,1607,2623
8,IMG_000018.jpg,°ÍÀè´ä·ïµû,2834,3685,1668,2701
9,IMG_000020.jpg,°ÍÀè´ä·ïµû,2854,3587,1562,2572
10,IMG_000022.jpg,°ÍÀè´ä·ïµû,2901,3707,1550,2540
11,IMG_000023.jpg,°ÍÀè´ä·ïµû,2929,3654,1605,2569
12,IMG_000026.jpg,°ÍÀè´ä·ïµû,2544,3577,1469,2487
13,IMG_000028.jpg,°ÍÀè´ä·ïµû,2440,3513,1477,2499
14,IMG_000029.jpg,°ÍÀè´ä·ïµû,2946,3505,1687,2792
15,IMG_000031.jpg,°ÍÀè´ä·ïµû,2944,3892,1774,2869
16,IMG_000032.jpg,°ÍÀè´ä·ïµû,3097,4259,1697,3105
17,IMG_000037.jpg,°ÍÀè´ä·ïµû,1176,4387,847,3542
18,IMG_000039.jpg,°ÍÀè´ä·ïµû,1908,5760,15,3873
19,IMG_000040.jpg,°ÍÀè´ä·ïµû,1145,5404,452,4015
20,IMG_000042.jpg,°ÍÀè´ä·ïµû,1256,4633,412,2848
21,IMG_000044.jpg,°ÍÀè´ä·ïµû,1028,1223,1790,1976
22,IMG_000045.jpg,°ÍÀè´ä·ïµû,1532,2369,1159,2211
23,IMG_000049.jpg,¸ÌéÙ·ïµû,1984,2472,712,1159
24,IMG_000053.jpg,¸ÌéÙ·ïµû,1660,2929,893,1630
25,IMG_000054.jpg,¸ÌéÙ·ïµû,1206,2599,1013,2459
26,IMG_000056.jpg,¸ÌéÙ·ïµû,1649,3015,709,1628
27,IMG_000057.jpg,¸ÌéÙ·ïµû,2238,3530,881,2172
28,IMG_000061.jpg,¸ÌéÙ·ïµû,1445,2327,633,1472
29,IMG_000062.jpg,¸ÌéÙ·ïµû,1790,2697,785,1752
30,IMG_000063.jpg,¸ÌéÙ·ïµû,1285,2693,578,2072
31,IMG_000064.jpg,¸ÌéÙ·ïµû,1462,3173,511,1926
32,IMG_000065.jpg,¸ÌéÙ·ïµû,2021,2303,1337,1669
33,IMG_000066.jpg,¸ÌéÙ·ïµû,1841,2284,1154,1651
34,IMG_000068.jpg,¸ÌéÙ·ïµû,1905,2289,1221,1716
35,IMG_000070.jpg,¸ÌéÙ·ïµû,2012,2483,1312,1765
36,IMG_000074.jpg,¸ÌéÙ·ïµû,1957,2196,1109,1647
37,IMG_000076.jpg,¸ÌéÙ·ïµû,2666,3599,1370,2077
38,IMG_000078.jpg,¸ÌéÙ·ïµû,2737,3192,1666,1959
39,IMG_000079.jpg,¸ÌéÙ·ïµû,2759,3290,1785,2118
40,IMG_000081.jpg,¸ÌéÙ·ïµû,2323,3334,1205,2170
41,IMG_000083.jpg,¸ÌéÙ·ïµû,2518,5597,5,3573
42,IMG_000084.jpg,¸ÌéÙ·ïµû,1396,3471,844,3268
43,IMG_000085.jpg,¸ÌéÙ·ïµû,1189,3302,396,2906
44,IMG_000086.jpg,¸ÌéÙ·ïµû,1637,3813,337,2482
45,IMG_000087.jpg,¸ÌéÙ·ïµû,1987,3992,663,2768
46,IMG_000092.jpg,Óñ´ø·ïµû,269,3184,755,2474
47,IMG_000095.jpg,±Ì·ïµû,2073,2632,1020,1565
48,IMG_000098.jpg,±Ì·ïµû,2245,2694,831,1388
49,IMG_000102.jpg,±Ì·ïµû,1238,2824,742,1836
50,IMG_000107.jpg,±Ì·ïµû,1998,3036,883,1658
51,IMG_000109.jpg,±Ì·ïµû,2006,3036,813,1683
52,IMG_000111.jpg,±Ì·ïµû,1473,2551,854,1939
53,IMG_000113.jpg,±Ì·ïµû,1619,2797,1235,2376
54,IMG_000115.jpg,±Ì·ïµû,1706,2732,746,1872
55,IMG_000116.jpg,±Ì·ïµû,1719,2425,609,1778
56,IMG_000117.jpg,±Ì·ïµû,1938,2506,798,1361
57,IMG_000118.jpg,±Ì·ïµû,1795,2216,796,1398
58,IMG_000119.jpg,±Ì·ïµû,2049,2648,1234,1729
59,IMG_000122.jpg,±Ì·ïµû,2032,2627,766,1411
60,IMG_000124.jpg,±Ì·ïµû,1834,3014,881,1608
61,IMG_000126.jpg,±Ì·ïµû,1656,2906,972,1848
62,IMG_000128.jpg,±Ì·ïµû,1625,2738,893,1567
63,IMG_000129.jpg,±Ì·ïµû,1556,2851,1120,1663
64,IMG_000133.jpg,±Ì·ïµû,1938,2652,675,1686
65,IMG_000134.jpg,±Ì·ïµû,1636,2489,369,1336
66,IMG_000135.jpg,±Ì·ïµû,1749,2760,357,1333
67,IMG_000136.jpg,±Ì·ïµû,1683,2732,496,1480
68,IMG_000137.jpg,±Ì·ïµû,2068,2803,716,1604
69,IMG_000140.jpg,±Ì·ïµû,1217,2321,1100,2424
70,IMG_000142.jpg,±Ì·ïµû,1963,3290,789,2071
71,IMG_000145.jpg,±Ì·ïµû,2190,2752,767,1327
72,IMG_000148.jpg,±Ì·ïµû,2196,4044,920,2271
73,IMG_000155.jpg,±Ì·ïµû,2405,3090,1474,2131
74,IMG_000156.jpg,±Ì·ïµû,2564,3741,1392,2359
75,IMG_000158.jpg,±Ì·ïµû,2638,3251,1510,2477
76,IMG_000159.jpg,±Ì·ïµû,2631,3262,1790,3159
77,IMG_000160.jpg,±Ì·ïµû,2685,3220,1954,2585
78,IMG_000161.jpg,±Ì·ïµû,1037,1640,1433,2092
79,IMG_000162.jpg,±Ì·ïµû,2606,3206,1658,2861
80,IMG_000164.jpg,±Ì·ïµû,527,1496,2447,3130
81,IMG_000165.jpg,±Ì·ïµû,2716,3285,1951,2447
82,IMG_000167.jpg,±Ì·ïµû,2716,3271,1796,2368
83,IMG_000168.jpg,±Ì·ïµû,2818,3785,1903,2731
84,IMG_000170.jpg,±Ì·ïµû,2660,3181,1528,2058
85,IMG_000171.jpg,±Ì·ïµû,2868,3575,1682,2540
86,IMG_000174.jpg,±Ì·ïµû,2441,3673,1008,1666
87,IMG_000177.jpg,±Ì·ïµû,1992,3409,1709,2933
88,IMG_000179.jpg,±Ì·ïµû,2526,5287,1866,4016
89,IMG_000180.jpg,±Ì·ïµû,2536,4878,1266,3782
90,IMG_000184.jpg,ºì»ùÃÀ·ïµû,1848,2148,774,1114
91,IMG_000186.jpg,ºì»ùÃÀ·ïµû,2052,2350,884,1298
92,IMG_000188.jpg,ºì»ùÃÀ·ïµû,2261,2379,1116,1267
93,IMG_000189.jpg,ºì»ùÃÀ·ïµû,2328,2693,571,1023
94,IMG_000194.jpg,ºì»ùÃÀ·ïµû,1690,2630,444,1320
95,IMG_000196.jpg,ºì»ùÃÀ·ïµû,2806,3109,1623,2096
96,IMG_000199.jpg,ºì»ùÃÀ·ïµû,3149,3564,1844,2297
97,IMG_000201.jpg,ºì»ùÃÀ·ïµû,3113,3551,1931,2382
98,IMG_000202.jpg,ºì»ùÃÀ·ïµû,3138,3472,1959,2462
99,IMG_000203.jpg,ºì»ùÃÀ·ïµû,3113,3930,1913,2661
100,IMG_000205.jpg,ºì»ùÃÀ·ïµû,3013,3423,2109,2640
101,IMG_000207.jpg,ºì»ùÃÀ·ïµû,2744,3321,2067,2482
102,IMG_000209.jpg,ºì»ùÃÀ·ïµû,3054,3381,1991,2430
103,IMG_000211.jpg,ºì»ùÃÀ·ïµû,2862,3452,1985,2448
104,IMG_000212.jpg,ºì»ùÃÀ·ïµû,2831,3379,1751,2236
105,IMG_000214.jpg,ºì»ùÃÀ·ïµû,2637,3502,2027,2492
106,IMG_000215.jpg,ºì»ùÃÀ·ïµû,2928,3621,1869,2646
107,IMG_000216.jpg,ºì»ùÃÀ·ïµû,2836,3703,1874,2592
108,IMG_000219.jpg,ºì»ùÃÀ·ïµû,2654,3503,2128,2723
109,IMG_000220.jpg,ºì»ùÃÀ·ïµû,2816,3771,1940,2530
110,IMG_000221.jpg,ºì»ùÃÀ·ïµû,3036,3449,1613,2328
111,IMG_000224.jpg,À¶·ïµû,252,538,283,564
112,IMG_000227.jpg,À¶·ïµû,252,538,283,564
113,IMG_000228.jpg,À¶·ïµû,527,1475,886,1746
114,IMG_000229.jpg,À¶·ïµû,917,1976,1043,2080
115,IMG_000233.jpg,À¶·ïµû,1044,1799,1148,1939
116,IMG_000234.jpg,À¶·ïµû,635,1708,1125,1971
117,IMG_000238.jpg,À¶·ïµû,767,1567,1239,2207
118,IMG_000241.jpg,À¶·ïµû,1272,1944,1307,2075
119,IMG_000242.jpg,À¶·ïµû,194,300,162,286
120,IMG_000243.jpg,À¶·ïµû,1413,2049,1443,2212
121,IMG_000245.jpg,½ðÉÑ·ïµû,1788,2140,1253,1794
122,IMG_000248.jpg,½ðÉÑ·ïµû,1913,2107,367,569
123,IMG_000249.jpg,½ðÉÑ·ïµû,1577,1818,1161,1396
124,IMG_000250.jpg,Çà·ïµû,2101,2301,1069,1416
125,IMG_000252.jpg,Çà·ïµû,2685,3092,1806,2375
126,IMG_000254.jpg,Çà·ïµû,2658,3051,1465,2113
127,IMG_000255.jpg,Çà·ïµû,2767,3297,1595,2236
128,IMG_000259.jpg,Çà·ïµû,2794,3578,1140,1961
129,IMG_000260.jpg,Çà·ïµû,2315,3210,1566,2440
130,IMG_000261.jpg,Çà·ïµû,2789,3658,1047,2361
131,IMG_000262.jpg,Çà·ïµû,1799,3185,2,1051
132,IMG_000267.jpg,ÆÓà¹µû,1879,2516,1128,1620
133,IMG_000268.jpg,ÆÓà¹µû,1664,2797,1146,1809
134,IMG_000269.jpg,ÆÓà¹µû,1464,2623,1080,1717
135,IMG_000270.jpg,ÃÜÎÆìªÅªµû,1705,3348,1400,2629
136,IMG_000271.jpg,ÃÜÎÆìªÅªµû,2328,3431,1672,2592
137,IMG_000274.jpg,Ð¡»Æ°ßÅªµû,2481,3513,2054,2683
138,IMG_000275.jpg,Ð¡»Æ°ßÅªµû,2579,3615,2060,2705
139,IMG_000277.jpg,ÎÞ°ßçæÅªµû,1930,2481,539,1716
140,IMG_000281.jpg,ÎÞ°ßçæÅªµû,1795,2245,63,775
141,IMG_000282.jpg,ÎÞ°ßçæÅªµû,2032,2532,903,1630
142,IMG_000283.jpg,ÎÞ°ßçæÅªµû,1939,2321,1039,1745
143,IMG_000285.jpg,Ö±ÎÆµ¾Åªµû,1537,1972,1038,1286
144,IMG_000287.jpg,Ö±ÎÆµ¾Åªµû,943,1589,805,1198
145,IMG_000289.jpg,Ö±ÎÆµ¾Åªµû,1506,1920,969,1378
146,IMG_000290.jpg,Ö±ÎÆµ¾Åªµû,1415,1812,1152,1585
147,IMG_000293.jpg,Ö±ÎÆµ¾Åªµû,1369,2004,1055,1695
148,IMG_000294.jpg,Ö±ÎÆµ¾Åªµû,1402,1811,1376,1749
149,IMG_000295.jpg,Ö±ÎÆµ¾Åªµû,1470,2038,1248,1720
150,IMG_000297.jpg,»¨Åªµû,1940,2435,1106,1565
151,IMG_000298.jpg,»¨Åªµû,1944,2334,946,1333
152,IMG_000299.jpg,»¨Åªµû,1893,2425,1076,1492
153,IMG_000300.jpg,»¨Åªµû,1935,2360,1049,1439
154,IMG_000303.jpg,»¨Åªµû,2637,3108,1579,2347
155,IMG_000306.jpg,»¨Åªµû,2500,3923,1128,2795
156,IMG_000307.jpg,»¨Åªµû,1879,3300,964,2597
157,IMG_000308.jpg,»¨Åªµû,1685,3195,1426,2641
158,IMG_000312.jpg,»¨Åªµû,2041,3603,1123,2574
159,IMG_000316.jpg,»¨Åªµû,1688,3277,731,2765
160,IMG_000319.jpg,»¨Åªµû,2229,4004,726,2770
161,IMG_000322.jpg,»¨Åªµû,2654,3246,1807,2404
162,IMG_000323.jpg,»¨Åªµû,2519,3176,2015,2553
163,IMG_000324.jpg,»¨Åªµû,2601,3274,1878,2422
164,IMG_000326.jpg,»¨Åªµû,2585,3303,1892,2538
165,IMG_000327.jpg,»¨Åªµû,2698,3461,1543,2285
166,IMG_000328.jpg,»¨Åªµû,2676,3206,1187,1786
167,IMG_000332.jpg,»¨Åªµû,2744,3336,1676,2204
168,IMG_000335.jpg,ÒþÎÆ¹ÈÅªµû,2937,3430,2217,2572
169,IMG_000338.jpg,ÒþÎÆ¹ÈÅªµû,3144,3772,1833,2472
170,IMG_000339.jpg,ÒþÎÆ¹ÈÅªµû,2590,3286,2083,2585
171,IMG_000340.jpg,ÒþÎÆ¹ÈÅªµû,2690,3383,1931,2599
172,IMG_000344.jpg,¾î°ßµû,583,4094,911,2783
173,IMG_000346.jpg,»¢°ßµû,1547,1807,1454,1717
174,IMG_000351.jpg,ÁÁ»Òµû,849,1197,459,965
175,IMG_000353.jpg,ÁÁ»Òµû,661,1294,377,939
176,IMG_000354.jpg,ÁÁ»Òµû,679,1315,337,792
177,IMG_000355.jpg,ÁÁ»Òµû,523,1123,508,1121
178,IMG_000357.jpg,ÁÁ»Òµû,532,1029,367,1098
179,IMG_000360.jpg,ÁÁ»Òµû,650,1177,356,958
180,IMG_000363.jpg,ÁÁ»Òµû,786,1047,382,613
181,IMG_000364.jpg,ÁÁ»Òµû,533,947,339,854
182,IMG_000365.jpg,ÁÁ»Òµû,455,687,353,674
183,IMG_000366.jpg,¿§»Òµû,835,1101,516,768
184,IMG_000367.jpg,¿§»Òµû,990,1384,575,931
185,IMG_000370.jpg,¿§»Òµû,982,1388,642,987
186,IMG_000371.jpg,´ó×ÏÁðÁ§»Òµû,955,1245,641,940
187,IMG_000373.jpg,´ó×ÏÁðÁ§»Òµû,790,1073,461,783
188,IMG_000378.jpg,´ó×ÏÁðÁ§»Òµû,2367,3582,1488,2348
189,IMG_000381.jpg,´ó×ÏÁðÁ§»Òµû,2327,3348,1629,2213
190,IMG_000383.jpg,´ó×ÏÁðÁ§»Òµû,2385,3513,622,1933
191,IMG_000385.jpg,´ó×ÏÁðÁ§»Òµû,1876,3176,1065,2393
192,IMG_000386.jpg,´ó×ÏÁðÁ§»Òµû,2515,3157,1748,2209
193,IMG_000387.jpg,´ó×ÏÁðÁ§»Òµû,2564,3236,1882,2441
194,IMG_000388.jpg,´ó×ÏÁðÁ§»Òµû,2527,3146,1566,2173
195,IMG_000392.jpg,´ó×ÏÁðÁ§»Òµû,2158,3427,435,2131
196,IMG_000395.jpg,´ó×ÏÁðÁ§»Òµû,1656,3236,1192,2497
197,IMG_000397.jpg,´ó×ÏÁðÁ§»Òµû,2194,3519,1417,3033
198,IMG_000399.jpg,´ó×ÏÁðÁ§»Òµû,2452,3172,1726,2300
199,IMG_000401.jpg,´ó×ÏÁðÁ§»Òµû,1284,1948,3312,4000
200,IMG_000402.jpg,´ó×ÏÁðÁ§»Òµû,2475,3289,1561,2350
201,IMG_000406.jpg,´ó×ÏÁðÁ§»Òµû,2897,3722,1247,1971
202,IMG_000408.jpg,´ó×ÏÁðÁ§»Òµû,2429,3371,1384,2337
203,IMG_000409.jpg,´ó×ÏÁðÁ§»Òµû,2447,3351,1400,2304
204,IMG_000410.jpg,´ó×ÏÁðÁ§»Òµû,2473,3398,1435,2357
205,IMG_000415.jpg,´ó×ÏÁðÁ§»Òµû,852,1238,419,830
206,IMG_000416.jpg,´ó×ÏÁðÁ§»Òµû,827,1212,458,878
207,IMG_000417.jpg,´ó×ÏÁðÁ§»Òµû,890,1409,505,986
208,IMG_000418.jpg,´ó×ÏÁðÁ§»Òµû,849,1372,484,968
209,IMG_000419.jpg,´ó×ÏÁðÁ§»Òµû,783,1122,518,887
210,IMG_000420.jpg,´ó×ÏÁðÁ§»Òµû,645,987,643,1014
211,IMG_000425.jpg,æ¹»Òµû,2327,3278,1412,2315
212,IMG_000428.jpg,æ¹»Òµû,2586,3268,1565,2138
213,IMG_000429.jpg,æ¹»Òµû,2254,3305,1487,2441
214,IMG_000430.jpg,æ¹»Òµû,2351,3408,1300,2398
215,IMG_000432.jpg,æ¹»Òµû,2623,3559,1582,2697
216,IMG_000434.jpg,æ¹»Òµû,2463,3457,1459,2322
217,IMG_000435.jpg,æ¹»Òµû,2549,3146,1535,2346
218,IMG_000436.jpg,æ¹»Òµû,2597,3193,1720,2446
219,IMG_000437.jpg,æ¹»Òµû,2439,3270,1429,2254
220,IMG_000438.jpg,æ¹»Òµû,2618,3212,1629,2376
221,IMG_000442.jpg,ÇúÎÆ×Ï»Òµû,888,1429,164,692
222,IMG_000443.jpg,ÇúÎÆ×Ï»Òµû,883,1436,124,664
223,IMG_000445.jpg,ÇúÎÆ×Ï»Òµû,842,1369,168,698
224,IMG_000447.jpg,²¨Ì«Ðþ»Òµû,2875,3366,1811,2583
225,IMG_000448.jpg,²¨Ì«Ðþ»Òµû,2738,3187,1674,2249
226,IMG_000450.jpg,²¨Ì«Ðþ»Òµû,2019,3077,1566,2589
227,IMG_000452.jpg,²¨Ì«Ðþ»Òµû,2790,3157,1784,2213
228,IMG_000454.jpg,²¨Ì«Ðþ»Òµû,2648,3021,1746,2199
229,IMG_000455.jpg,²¨Ì«Ðþ»Òµû,2741,3454,1428,2113
230,IMG_000456.jpg,²¨Ì«Ðþ»Òµû,2530,3258,1709,2385
231,IMG_000458.jpg,²¨Ì«Ðþ»Òµû,2518,3218,1705,2356
232,IMG_000462.jpg,²¨Ì«Ðþ»Òµû,2556,3246,1762,2392
233,IMG_000466.jpg,Ðþ»Òµû,2645,3358,1775,2340
234,IMG_000467.jpg,Ðþ»Òµû,1695,2679,1272,2466
235,IMG_000469.jpg,ºì»Òµû,1958,2431,1069,1562
236,IMG_000472.jpg,ºì»Òµû,1868,2631,951,1709
237,IMG_000475.jpg,ºì»Òµû,1689,2411,1075,1779
238,IMG_000476.jpg,ºì»Òµû,1833,2544,934,1630
239,IMG_000478.jpg,ºì»Òµû,3450,3773,2140,2476
240,IMG_000479.jpg,ºì»Òµû,1838,2819,1326,2292
241,IMG_000480.jpg,ºì»Òµû,2177,2881,1545,2237
242,IMG_000481.jpg,Ïß»Òµû,2236,3274,1187,2256
243,IMG_000483.jpg,Ïß»Òµû,1805,3300,815,2321
244,IMG_000484.jpg,Ïß»Òµû,1662,3328,997,2513
245,IMG_000485.jpg,Ïß»Òµû,1640,3240,1114,2648
246,IMG_000487.jpg,Ïß»Òµû,2549,4356,821,2392
247,IMG_000490.jpg,Ïß»Òµû,2461,4138,866,2548
248,IMG_000495.jpg,Ïß»Òµû,2687,4356,862,2585
249,IMG_000496.jpg,Ïß»Òµû,2279,3941,846,2551
250,IMG_000498.jpg,Ïß»Òµû,2673,3378,1627,2229
251,IMG_000499.jpg,Ïß»Òµû,2774,3510,1872,2396
252,IMG_000501.jpg,Ïß»Òµû,2727,3493,1681,2195
253,IMG_000503.jpg,Î¬ÄÉË¹ÑÛ»Òµû,2960,3793,1944,2822
254,IMG_000505.jpg,ÑÞ»Òµû,1852,2407,1199,1603
255,IMG_000506.jpg,ÑÞ»Òµû,1775,2358,1133,1551
256,IMG_000510.jpg,À¶»Òµû,1738,2634,935,1794
257,IMG_000512.jpg,À¶»Òµû,1864,2880,518,1580
258,IMG_000513.jpg,À¶»Òµû,1891,2213,1115,1728
259,IMG_000514.jpg,À¶»Òµû,2796,3195,1772,2105
260,IMG_000515.jpg,À¶»Òµû,1741,2490,702,1397
261,IMG_000518.jpg,Çàº£ºìÖé»Òµû,2539,3260,1542,2268
262,IMG_000520.jpg,Çàº£ºìÖé»Òµû,2468,3329,1363,2244
263,IMG_000521.jpg,Çàº£ºìÖé»Òµû,2473,3339,1424,2305
264,IMG_000523.jpg,Çàº£ºìÖé»Òµû,2476,3318,1416,2282
265,IMG_000525.jpg,Çàº£ºìÖé»Òµû,2406,3518,1371,2469
266,IMG_000526.jpg,Çàº£ºìÖé»Òµû,2364,3449,1275,2342
267,IMG_000531.jpg,¹Å±±Äâ¾ÆÑÛµû,2606,3445,1649,2302
268,IMG_000533.jpg,¹Å±±Äâ¾ÆÑÛµû,2526,3705,1510,2364
269,IMG_000534.jpg,¹Å±±Äâ¾ÆÑÛµû,303,1218,331,1169
270,IMG_000536.jpg,°¢·ÒÑÛµû,2368,3637,1645,2586
271,IMG_000538.jpg,°¢·ÒÑÛµû,2592,3416,1768,2439
272,IMG_000540.jpg,°¢·ÒÑÛµû,2632,3381,1797,2483
273,IMG_000541.jpg,°¢·ÒÑÛµû,2752,3510,1632,2237
274,IMG_000543.jpg,°¢·ÒÑÛµû,2392,3097,1383,2247
275,IMG_000547.jpg,°¢·ÒÑÛµû,1785,3610,921,2564
276,IMG_000550.jpg,°¢·ÒÑÛµû,1400,3426,1485,3297
277,IMG_000552.jpg,°¢·ÒÑÛµû,2643,3428,1299,2336
278,IMG_000553.jpg,°¢·ÒÑÛµû,2139,3032,1402,2336
279,IMG_000554.jpg,°¢·ÒÑÛµû,2065,3010,1463,2404
280,IMG_000558.jpg,°¢·ÒÑÛµû,2220,3228,1591,2433
281,IMG_000559.jpg,°¢·ÒÑÛµû,2539,3476,1594,2555
282,IMG_000567.jpg,°¢·ÒÑÛµû,2704,3789,1705,2726
283,IMG_000568.jpg,°¢·ÒÑÛµû,2604,3410,1816,2710
284,IMG_000570.jpg,°¢·ÒÑÛµû,2636,3520,1763,2710
285,IMG_000571.jpg,°¢·ÒÑÛµû,2189,3294,1532,2579
286,IMG_000574.jpg,°¢·ÒÑÛµû,2720,3315,1610,2289
287,IMG_000575.jpg,°¢·ÒÑÛµû,2667,3315,1563,2210
288,IMG_000576.jpg,°¢·ÒÑÛµû,2531,3167,1463,2142
289,IMG_000580.jpg,°¢·ÒÑÛµû,2415,3546,1368,2363
290,IMG_000582.jpg,°¢·ÒÑÛµû,2294,3504,1416,2426
291,IMG_000583.jpg,°¢·ÒÑÛµû,2562,3299,1495,2389
292,IMG_000585.jpg,°¢·ÒÑÛµû,2299,3067,1489,2379
293,IMG_000586.jpg,°¢·ÒÑÛµû,1457,3367,1605,3074
294,IMG_000587.jpg,°¢·ÒÑÛµû,1246,3152,947,2347
295,IMG_000588.jpg,°¢·ÒÑÛµû,1410,3352,1079,2605
296,IMG_000589.jpg,°¢·ÒÑÛµû,1415,3452,1179,2663
297,IMG_000591.jpg,°¢·ÒÑÛµû,1036,3157,1463,3132
298,IMG_000592.jpg,°¢·ÒÑÛµû,1883,4599,821,2847
299,IMG_000593.jpg,°¢·ÒÑÛµû,962,3589,332,2389
300,IMG_000594.jpg,°¢·ÒÑÛµû,1473,3862,300,2595
301,IMG_000599.jpg,°¢·ÒÑÛµû,1741,3473,1263,2779
302,IMG_000600.jpg,°¢·ÒÑÛµû,1867,3625,1474,2989
303,IMG_000602.jpg,°¢·ÒÑÛµû,2046,3441,1684,3226
304,IMG_000603.jpg,°¢·ÒÑÛµû,2167,3689,1242,2668
305,IMG_000608.jpg,Äâµ¾Ã¼ÑÛµû,1917,2706,976,1439
306,IMG_000610.jpg,Äâµ¾Ã¼ÑÛµû,736,1545,460,935
307,IMG_000612.jpg,ÄÁÅ®ÕäÑÛµû,3457,3701,2332,2513
308,IMG_000613.jpg,ÄÁÅ®ÕäÑÛµû,3632,4051,2336,2632
309,IMG_000614.jpg,ÄÁÅ®ÕäÑÛµû,3298,3992,2187,2631
310,IMG_000618.jpg,ÄÁÅ®ÕäÑÛµû,3157,3846,2047,2853
311,IMG_000619.jpg,ÄÁÅ®ÕäÑÛµû,2104,3652,926,2363
312,IMG_000620.jpg,ÄÁÅ®ÕäÑÛµû,2110,3631,1147,2568
313,IMG_000623.jpg,ÄÁÅ®ÕäÑÛµû,2346,4194,1100,2337
314,IMG_000625.jpg,ÄÁÅ®ÕäÑÛµû,2220,4146,837,2105
315,IMG_000630.jpg,°×ÑÛµû,2249,3244,1741,2395
316,IMG_000631.jpg,°×ÑÛµû,2771,3631,1263,1876
317,IMG_000632.jpg,°×ÑÛµû,2813,3636,1546,2200
318,IMG_000635.jpg,°×ÑÛµû,2383,3262,1458,2205
319,IMG_000639.jpg,°×ÑÛµû,2794,3541,1442,2284
320,IMG_000640.jpg,°×ÑÛµû,2394,3383,347,1310
321,IMG_000641.jpg,°×ÑÛµû,2941,3394,1526,2226
322,IMG_000644.jpg,°×ÑÛµû,2462,3331,1658,2389
323,IMG_000645.jpg,°×ÑÛµû,2599,3441,1489,2226
324,IMG_000648.jpg,ÆÐÈø¾ÆÑÛµû,2636,4594,1526,2979
325,IMG_000652.jpg,Î÷ÃÅÕäÑÛµû,2594,3115,1695,2384
326,IMG_000653.jpg,Î÷ÃÅÕäÑÛµû,2294,3289,1700,2416
327,IMG_000655.jpg,±ßÎÆ÷ìÑÛµû,2728,4181,1129,2492
328,IMG_000658.jpg,ÔÆ·Ûµû,1945,2541,1310,1829
329,IMG_000660.jpg,ÔÆ·Ûµû,1481,1797,1070,1320
330,IMG_000661.jpg,ÔÆ·Ûµû,1729,2338,1325,1821
331,IMG_000662.jpg,Ùª·Ûµû,640,1199,527,842
332,IMG_000665.jpg,´óÎÀ·Ûµû,1178,3294,1153,2816
333,IMG_000667.jpg,´óÎÀ·Ûµû,1962,3504,816,2174
334,IMG_000668.jpg,´óÎÀ·Ûµû,2178,3841,1547,2905
335,IMG_000670.jpg,´óÎÀ·Ûµû,2015,3941,947,3621
336,IMG_000673.jpg,´óÎÀ·Ûµû,2425,3483,1079,2205
337,IMG_000674.jpg,´óÎÀ·Ûµû,891,2041,614,1345
338,IMG_000677.jpg,´ó³á¾î·Ûµû,1901,2619,450,1191
339,IMG_000679.jpg,´ó³á¾î·Ûµû,1827,2575,735,1491
340,IMG_000680.jpg,´ó³á¾î·Ûµû,1972,2719,750,1487
341,IMG_000682.jpg,´ó³á¾î·Ûµû,1823,2545,354,1142
342,IMG_000683.jpg,´ó³á¾î·Ûµû,1905,2597,439,1205
343,IMG_000685.jpg,¿í±ß»Æ·Ûµû,1844,3125,864,1822
344,IMG_000686.jpg,¿í±ß»Æ·Ûµû,1698,3002,718,1703
345,IMG_000690.jpg,¿í±ß»Æ·Ûµû,2002,2540,849,1507
346,IMG_000692.jpg,¿í±ß»Æ·Ûµû,2586,3002,1241,1645
347,IMG_000696.jpg,¿í±ß»Æ·Ûµû,2948,3090,1986,2110
348,IMG_000697.jpg,¿í±ß»Æ·Ûµû,2920,3215,1882,2261
349,IMG_000698.jpg,¿í±ß»Æ·Ûµû,2520,3241,1782,2434
350,IMG_000699.jpg,¿í±ß»Æ·Ûµû,2773,3715,1608,2450
351,IMG_000704.jpg,¿í±ß»Æ·Ûµû,2620,3436,1497,2324
352,IMG_000705.jpg,¿í±ß»Æ·Ûµû,2326,3178,1682,2471
353,IMG_000707.jpg,¿í±ß»Æ·Ûµû,1066,2254,1644,2716
354,IMG_000708.jpg,¿í±ß»Æ·Ûµû,1593,2608,1076,1735
355,IMG_000709.jpg,É½¶¹·Ûµû,2536,3254,1874,2254
356,IMG_000711.jpg,³È»Æ¶¹·Ûµû,583,1047,301,893
357,IMG_000713.jpg,³È»Æ¶¹·Ûµû,244,594,278,538
358,IMG_000715.jpg,Í»½ÇÐ¡·Ûµû,2013,2706,903,1745
359,IMG_000718.jpg,Í»½ÇÐ¡·Ûµû,1633,3536,684,2576
360,IMG_000719.jpg,Í»½ÇÐ¡·Ûµû,1675,2521,907,1703
361,IMG_000720.jpg,Í»½ÇÐ¡·Ûµû,1475,2594,945,1868
362,IMG_000721.jpg,Í»½ÇÐ¡·Ûµû,2652,3057,1608,2040
363,IMG_000723.jpg,¼ýÎÆÔÆ·Ûµû,1791,3960,1089,3532
364,IMG_000725.jpg,¼ýÎÆÔÆ·Ûµû,2286,3255,1253,2716
365,IMG_000728.jpg,¼ýÎÆÔÆ·Ûµû,2670,3333,1595,2326
366,IMG_000729.jpg,¼ýÎÆ¾î·Ûµû,1960,3155,1584,2584
367,IMG_000733.jpg,¼ýÎÆ¾î·Ûµû,3118,3897,1426,2479
368,IMG_000735.jpg,¼ýÎÆ¾î·Ûµû,1060,3155,1442,3337
369,IMG_000736.jpg,¼ýÎÆ¾î·Ûµû,1260,3186,668,2568
370,IMG_000738.jpg,¼ýÎÆ¾î·Ûµû,2272,2931,1482,2050
371,IMG_000739.jpg,ºì½ó·Ûµû,807,1310,362,765
372,IMG_000741.jpg,¾î·Ûµû,702,1197,340,769
373,IMG_000742.jpg,¾î·Ûµû,924,1434,416,869
374,IMG_000748.jpg,²Ë·Ûµû,2926,3852,1603,2118
375,IMG_000749.jpg,²Ë·Ûµû,2473,2941,1887,2361
376,IMG_000750.jpg,²Ë·Ûµû,2186,3028,1484,2316
377,IMG_000751.jpg,²Ë·Ûµû,2027,3164,594,2602
378,IMG_000754.jpg,ïÓ»ÆÇ¨·Ûµû,810,1269,424,910
379,IMG_000755.jpg,ïÓ»ÆÇ¨·Ûµû,888,1112,436,748
380,IMG_000756.jpg,ÀèÃ÷¶¹·Ûµû,948,1910,57,807
381,IMG_000758.jpg,ÀèÃ÷¶¹·Ûµû,2275,2563,1084,1768
382,IMG_000759.jpg,ÒÀÅÁ¾îµû,330,1643,457,1284
383,IMG_000760.jpg,ÒÀÅÁ¾îµû,2045,3602,1389,2137
384,IMG_000762.jpg,ËÄ´¨¾îµû,2402,3834,610,3542
385,IMG_000764.jpg,ÕäÖé¾îµû,2889,4727,1850,2956
386,IMG_000767.jpg,ÕäÖé¾îµû,3434,3701,2386,2536
387,IMG_000768.jpg,ÕäÖé¾îµû,3519,3790,2453,2594
388,IMG_000769.jpg,ÉßÄ¿ºÖò¹µû,1011,1326,675,966
389,IMG_000772.jpg,ÉßÄ¿ºÖò¹µû,1156,1348,580,756
390,IMG_000776.jpg,ÖÐ»·òÌµû,2479,2974,1734,2182
391,IMG_000778.jpg,ÔÆ±ªòÌµû,1557,1830,1562,1807
392,IMG_000780.jpg,ÔÆ±ªòÌµû,306,341,256,294
393,IMG_000781.jpg,ÔÆ±ªòÌµû,1703,1966,1921,2175
394,IMG_000783.jpg,ÒÁÅµÐ¡±ªòÌµû,931,1082,475,592
395,IMG_000784.jpg,ÒÁÅµÐ¡±ªòÌµû,940,1029,466,628
396,IMG_000785.jpg,ÒÁÅµÐ¡±ªòÌµû,977,1078,454,626
397,IMG_000787.jpg,ÒÁÅµÐ¡±ªòÌµû,966,1068,548,714
398,IMG_000788.jpg,ÒÁÅµÐ¡±ªòÌµû,866,972,614,746
399,IMG_000790.jpg,ÒÁÅµÐ¡±ªòÌµû,1065,1199,620,832
400,IMG_000793.jpg,ÒÁÅµÐ¡±ªòÌµû,1149,1326,578,800
401,IMG_000795.jpg,ÒÁÅµÐ¡±ªòÌµû,1127,1258,614,820
402,IMG_000800.jpg,Ð¡ºìòÌµû,2225,2486,849,1322
403,IMG_000804.jpg,Ð¡ºìòÌµû,3068,3182,1765,2037
404,IMG_000805.jpg,Ð¡ºìòÌµû,2968,3205,1787,2055
405,IMG_000815.jpg,ÑïÃ¼ÏßòÌµû,2169,2761,1076,1708
406,IMG_000820.jpg,ÑïÃ¼ÏßòÌµû,2198,2702,790,1547
407,IMG_000822.jpg,ÑïÃ¼ÏßòÌµû,2044,2573,845,1486
408,IMG_000824.jpg,ÑïÃ¼ÏßòÌµû,2007,2783,799,1819
409,IMG_000827.jpg,ÑïÃ¼ÏßòÌµû,1823,2673,406,1759
410,IMG_000831.jpg,ÑïÃ¼ÏßòÌµû,2322,3681,1304,2685
411,IMG_000834.jpg,ÑïÃ¼ÏßòÌµû,2752,3416,1798,2319
412,IMG_000837.jpg,ÑïÃ¼ÏßòÌµû,2750,3445,1863,2411
413,IMG_000838.jpg,ÑïÃ¼ÏßòÌµû,2459,3209,1751,2412
414,IMG_000840.jpg,ÑïÃ¼ÏßòÌµû,2658,3471,1263,2808
415,IMG_000842.jpg,ÑïÃ¼ÏßòÌµû,1888,4543,1321,3560
416,IMG_000843.jpg,ÑïÃ¼ÏßòÌµû,1782,4243,1271,3394
417,IMG_000844.jpg,ÑïÃ¼ÏßòÌµû,2099,3499,1371,2649
418,IMG_000845.jpg,ÑïÃ¼ÏßòÌµû,1943,4121,1471,2694
419,IMG_000848.jpg,ÑïÃ¼ÏßòÌµû,2721,3339,1837,2558
420,IMG_000850.jpg,ÑïÃ¼ÏßòÌµû,2443,3693,966,2482
421,IMG_000851.jpg,ÑïÃ¼ÏßòÌµû,2327,3682,1182,2482
422,IMG_000852.jpg,ÑïÃ¼ÏßòÌµû,2054,3665,1349,2532
423,IMG_000853.jpg,ÑïÃ¼ÏßòÌµû,2376,3363,1524,2395
424,IMG_000854.jpg,ÑïÃ¼ÏßòÌµû,2437,3429,1661,2576
425,IMG_000856.jpg,ÑïÃ¼ÏßòÌµû,2491,3222,1445,2759
426,IMG_000858.jpg,ÑïÃ¼ÏßòÌµû,2752,3393,1747,2295
427,IMG_000861.jpg,ÑïÃ¼ÏßòÌµû,2496,3409,1600,2371
428,IMG_000862.jpg,ÑïÃ¼ÏßòÌµû,2593,3424,1739,2316
429,IMG_000863.jpg,ÑïÃ¼ÏßòÌµû,2929,3458,1811,2445
430,IMG_000865.jpg,ÑïÃ¼ÏßòÌµû,2505,3703,1376,2653
431,IMG_000866.jpg,ÑïÃ¼ÏßòÌµû,2271,3407,1305,2562
432,IMG_000867.jpg,ÑïÃ¼ÏßòÌµû,1997,3271,1489,2679
433,IMG_000868.jpg,ÑïÃ¼ÏßòÌµû,2720,3125,1833,2130
434,IMG_000869.jpg,ÑïÃ¼ÏßòÌµû,594,1004,2301,2588
435,IMG_000871.jpg,ÑïÃ¼ÏßòÌµû,2845,3155,1806,2090
436,IMG_000872.jpg,ÑïÃ¼ÏßòÌµû,2852,3280,1803,2208
437,IMG_000873.jpg,ÑïÃ¼ÏßòÌµû,2775,3198,1820,2223
438,IMG_000874.jpg,ÑïÃ¼ÏßòÌµû,2852,3252,1824,2220
439,IMG_000875.jpg,ÑïÃ¼ÏßòÌµû,2961,3308,1776,2140
440,IMG_000876.jpg,ì³±ªòÌµû,519,2652,1358,3875
441,IMG_000880.jpg,Çú°ßÖéòÌµû,2592,4028,2040,3632
442,IMG_000882.jpg,Çú°ßÖéòÌµû,3843,4214,1640,1879
443,IMG_000883.jpg,Öù·ÆòÌµû,710,1153,434,763
444,IMG_000885.jpg,Öù·ÆòÌµû,1915,2356,1328,1663
445,IMG_000887.jpg,Öù·ÆòÌµû,1869,2411,1493,1947
446,IMG_000890.jpg,Öù·ÆòÌµû,556,776,611,951
447,IMG_000891.jpg,Áø×ÏÉÁòÌµû,2790,3154,1818,2381
448,IMG_000892.jpg,Áø×ÏÉÁòÌµû,2652,3300,1736,2257
449,IMG_000894.jpg,Áø×ÏÉÁòÌµû,2518,3437,1791,2307
450,IMG_000897.jpg,Áø×ÏÉÁòÌµû,2316,3768,1962,2739
451,IMG_000898.jpg,Áø×ÏÉÁòÌµû,2309,3743,1539,2312
452,IMG_000902.jpg,²Ó¸£òÌµû,1056,1230,398,683
453,IMG_000903.jpg,²Ó¸£òÌµû,934,1188,402,664
454,IMG_000905.jpg,²Ó¸£òÌµû,1018,1253,363,624
455,IMG_000907.jpg,²Ó¸£òÌµû,1052,1287,438,683
456,IMG_000908.jpg,²Ó¸£òÌµû,1033,1258,519,764
457,IMG_000912.jpg,²Ó¸£òÌµû,2426,3468,1795,2755
458,IMG_000914.jpg,ÐþÖé´øòÌµû,695,1297,340,940
459,IMG_000915.jpg,ÐþÖé´øòÌµû,997,1374,535,904
460,IMG_000917.jpg,ÕäòÌµû,2460,3483,1110,2273
461,IMG_000919.jpg,ÕäòÌµû,2396,3439,1121,2286
462,IMG_000921.jpg,ÁðÁ§òÌµû,2866,3091,1855,2166
463,IMG_000923.jpg,ÁðÁ§òÌµû,2776,3167,1789,2111
464,IMG_000925.jpg,ÁðÁ§òÌµû,2898,3159,1898,2196
465,IMG_000926.jpg,°×¹³òÌµû,1819,4469,1158,3086
466,IMG_000930.jpg,ÐãòÌµû,1714,2722,631,2176
467,IMG_000932.jpg,ÐãòÌµû,2695,3107,1880,2572
468,IMG_000933.jpg,ÐãòÌµû,2849,3287,1795,2472
469,IMG_000935.jpg,ÐãòÌµû,2787,3241,1701,2393
470,IMG_000936.jpg,¾îòÌµû,332,594,1197,1383
471,IMG_000937.jpg,¾îòÌµû,1470,2046,422,746
472,IMG_000939.jpg,¾îòÌµû,1738,2502,830,1582
473,IMG_000943.jpg,ÂÌ±ªòÌµû,901,1721,233,1053
474,IMG_000944.jpg,ÂÌ±ªòÌµû,912,1688,175,979
475,IMG_000946.jpg,ÂÌ±ªòÌµû,986,1620,283,1081
476,IMG_000947.jpg,ÂÌ±ªòÌµû,859,1611,203,972
477,IMG_000948.jpg,ÂÌ±ªòÌµû,663,1125,208,824
478,IMG_000954.jpg,ÍøòÌµû,1021,1127,328,483
479,IMG_000955.jpg,ÍøòÌµû,1035,1139,344,466
480,IMG_000956.jpg,ÍøòÌµû,1045,1145,366,488
481,IMG_000960.jpg,ÍøòÌµû,997,1146,581,672
482,IMG_000961.jpg,ÍøòÌµû,932,1077,535,646
483,IMG_000962.jpg,ÍøòÌµû,875,970,483,590
484,IMG_000964.jpg,ÍøòÌµû,862,963,407,536
485,IMG_000966.jpg,ÃÀÑÛòÌµû,1298,2788,930,2236
486,IMG_000967.jpg,ÃÀÑÛòÌµû,1819,2263,1306,1838
487,IMG_000969.jpg,´äÀ¶ÑÛòÌµû,2031,2748,1044,1780
488,IMG_000971.jpg,´äÀ¶ÑÛòÌµû,2013,2752,961,1643
489,IMG_000973.jpg,´äÀ¶ÑÛòÌµû,1974,2714,1000,1731
490,IMG_000974.jpg,´äÀ¶ÑÛòÌµû,1951,2694,1362,2055
491,IMG_000975.jpg,ÀÏ±ªòÌµû,1610,2415,990,1725
492,IMG_000976.jpg,ÀÏ±ªòÌµû,1859,2539,879,1674
493,IMG_000978.jpg,ÀÏ±ªòÌµû,2336,3364,1168,2291
494,IMG_000982.jpg,ÀÏ±ªòÌµû,2738,3515,1068,2032
495,IMG_000984.jpg,ÀÏ±ªòÌµû,1701,2358,1136,1785
496,IMG_000985.jpg,Ý¡ÂéòÌµû,2806,3612,1000,2312
497,IMG_000988.jpg,Ý¡ÂéòÌµû,2897,3815,1362,2553
498,IMG_000989.jpg,Ý¡ÂéòÌµû,2213,3175,1571,2496
499,IMG_000990.jpg,Ý¡ÂéòÌµû,2614,3320,1609,2132
500,IMG_000992.jpg,Ý¡ÂéòÌµû,2652,3580,1436,2293
501,IMG_000995.jpg,ò°Ã¼´øòÌµû,2644,3335,1288,2321
502,IMG_000996.jpg,ò°Ã¼´øòÌµû,2616,3334,1830,2889
503,IMG_001000.jpg,ó¸¸£òÌµû,1728,2363,778,1370
504,IMG_001002.jpg,ó¸¸£òÌµû,1721,2336,907,1606
505,IMG_001005.jpg,ó¸¸£òÌµû,1510,2420,503,1397
506,IMG_001006.jpg,ó¸¸£òÌµû,1850,2427,1117,1590
507,IMG_001007.jpg,¹³³áÑÛòÌµû,2936,3293,1889,2127
508,IMG_001009.jpg,¹³³áÑÛòÌµû,2853,3109,1832,2191
509,IMG_001012.jpg,Òø°ß±ªòÌµû,791,1229,519,1087
510,IMG_001014.jpg,Òø°ß±ªòÌµû,1193,1659,353,837
511,IMG_001017.jpg,Òø°ß±ªòÌµû,1124,1327,341,597
512,IMG_001018.jpg,Òø°ß±ªòÌµû,1122,1335,326,585
513,IMG_001022.jpg,Òø°ß±ªòÌµû,1134,1353,442,647
514,IMG_001024.jpg,Òø°ß±ªòÌµû,732,1124,447,808
515,IMG_001025.jpg,Òø°ß±ªòÌµû,770,1080,461,811
516,IMG_001028.jpg,Òø°ß±ªòÌµû,882,1207,468,714
517,IMG_001030.jpg,Òø°ß±ªòÌµû,901,1238,444,695
518,IMG_001031.jpg,Òø°ß±ªòÌµû,813,1112,417,675
519,IMG_001033.jpg,Òø°ß±ªòÌµû,924,1062,447,600
520,IMG_001037.jpg,Òø°ß±ªòÌµû,1061,1204,462,620
521,IMG_001038.jpg,Òø°ß±ªòÌµû,1127,1264,443,602
522,IMG_001039.jpg,Òø°ß±ªòÌµû,1000,1267,537,711
523,IMG_001041.jpg,Òø°ß±ªòÌµû,1051,1301,592,755
524,IMG_001042.jpg,Òø°ß±ªòÌµû,1031,1319,608,773
525,IMG_001044.jpg,Òø°ß±ªòÌµû,1090,1366,586,761
526,IMG_001046.jpg,Òø°ß±ªòÌµû,1128,1348,523,759
527,IMG_001047.jpg,Òø°ß±ªòÌµû,1096,1237,463,579
528,IMG_001050.jpg,Òø°ß±ªòÌµû,852,1092,713,881
529,IMG_001052.jpg,Òø°ß±ªòÌµû,996,1089,491,660
530,IMG_001054.jpg,Òø°ß±ªòÌµû,940,1180,493,690
531,IMG_001056.jpg,Òø°ß±ªòÌµû,941,1213,514,750
532,IMG_001057.jpg,Òø°ß±ªòÌµû,849,1033,464,570
533,IMG_001058.jpg,Òø°ß±ªòÌµû,698,808,540,676
534,IMG_001059.jpg,Òø°ß±ªòÌµû,826,918,637,762
535,IMG_001063.jpg,Òø°ß±ªòÌµû,648,916,369,633
536,IMG_001064.jpg,Òø°ß±ªòÌµû,920,1305,369,670
537,IMG_001065.jpg,Òø°ß±ªòÌµû,1029,1277,424,724
538,IMG_001066.jpg,Òø°ß±ªòÌµû,1029,1284,374,756
539,IMG_001069.jpg,Òø°ß±ªòÌµû,934,1400,135,658
540,IMG_001071.jpg,Òø°ß±ªòÌµû,934,1300,397,787
541,IMG_001072.jpg,Òø°ß±ªòÌµû,271,805,752,1284
542,IMG_001075.jpg,Òø°ß±ªòÌµû,761,1204,247,742
543,IMG_001080.jpg,Òø°ß±ªòÌµû,788,1188,297,931
544,IMG_001081.jpg,Òø°ß±ªòÌµû,770,1182,285,846
545,IMG_001082.jpg,Òø°ß±ªòÌµû,759,1129,169,791
546,IMG_001085.jpg,Òø°ß±ªòÌµû,565,1068,364,964
547,IMG_001088.jpg,Òø°ß±ªòÌµû,737,1276,250,993
548,IMG_001089.jpg,Òø°ß±ªòÌµû,623,1114,417,1117
549,IMG_001091.jpg,Òø°ß±ªòÌµû,82,891,352,1346
550,IMG_001094.jpg,Òø°ß±ªòÌµû,23,54,605,636
551,IMG_001096.jpg,Òø°ß±ªòÌµû,1286,1439,548,858
552,IMG_001099.jpg,Òø°ß±ªòÌµû,804,1033,62,203
553,IMG_001100.jpg,Òø°ß±ªòÌµû,912,1055,340,660
554,IMG_001102.jpg,Òø°ß±ªòÌµû,849,925,557,615
555,IMG_001105.jpg,Òø°ß±ªòÌµû,370,455,866,935
556,IMG_001108.jpg,Òø°ß±ªòÌµû,782,1506,279,824
557,IMG_001109.jpg,Òø°ß±ªòÌµû,674,1523,140,962
558,IMG_001110.jpg,Òø°ß±ªòÌµû,721,1331,144,1144
559,IMG_001111.jpg,Òø°ß±ªòÌµû,696,1249,209,926
560,IMG_001112.jpg,Òø°ß±ªòÌµû,425,1180,269,971
561,IMG_001114.jpg,Òø°ß±ªòÌµû,610,1323,203,922
562,IMG_001115.jpg,Òø°ß±ªòÌµû,770,1286,197,1111
563,IMG_001116.jpg,Òø°ß±ªòÌµû,739,1333,89,1007
564,IMG_001117.jpg,Òø°ß±ªòÌµû,451,1023,458,934
565,IMG_001120.jpg,Òø°ß±ªòÌµû,680,1104,346,887
566,IMG_001122.jpg,Òø°ß±ªòÌµû,402,1121,446,1013
567,IMG_001123.jpg,Òø°ß±ªòÌµû,465,1412,58,901
568,IMG_001125.jpg,Òø°ß±ªòÌµû,504,1210,38,858
569,IMG_001127.jpg,Òø°ß±ªòÌµû,894,1663,69,1071
570,IMG_001132.jpg,Òø±ªòÌµû,1263,2489,1189,2119
571,IMG_001133.jpg,Òø±ªòÌµû,1159,2189,1571,2806
572,IMG_001137.jpg,Á´»·òÌµû,2367,3730,1145,2232
573,IMG_001138.jpg,Á´»·òÌµû,2311,3655,1157,2232
574,IMG_001139.jpg,½õÉªòÌµû,2184,2419,1206,1452
575,IMG_001144.jpg,»Æ»·òÌµû,702,1737,477,956
576,IMG_001146.jpg,»Æ»·òÌµû,617,1384,387,854
577,IMG_001150.jpg,»Æ»·òÌµû,527,1474,309,895
578,IMG_001153.jpg,»Æ»·òÌµû,980,1488,144,1164
579,IMG_001155.jpg,»Æ»·òÌµû,1057,1529,40,1073
580,IMG_001156.jpg,»Æ»·òÌµû,988,1429,189,832
581,IMG_001157.jpg,»Æ»·òÌµû,1163,1853,271,769
582,IMG_001159.jpg,»Æ»·òÌµû,929,1514,301,860
583,IMG_001160.jpg,»Æ»·òÌµû,806,1412,95,707
584,IMG_001162.jpg,»Æ»·òÌµû,649,1461,187,1020
585,IMG_001163.jpg,»Æ»·òÌµû,684,1602,240,854
586,IMG_001164.jpg,»Æ»·òÌµû,629,1259,207,1099
587,IMG_001166.jpg,»Æ»·òÌµû,541,772,257,422
588,IMG_001170.jpg,»Æ¹³òÌµû,2106,2806,1073,1491
589,IMG_001171.jpg,»Æ¹³òÌµû,1785,2193,1210,1484
590,IMG_001174.jpg,»Æ¹³òÌµû,1924,2385,1097,1663
591,IMG_001179.jpg,»Æ¹³òÌµû,1641,2489,1145,1784
592,IMG_001180.jpg,»Æ¹³òÌµû,1719,2419,1215,1689
593,IMG_001181.jpg,»Æ¹³òÌµû,1524,2528,1015,1658
594,IMG_001182.jpg,»Æ¹³òÌµû,1450,2446,1015,1676
595,IMG_001183.jpg,»Æ¹³òÌµû,1676,2693,984,1658
596,IMG_001186.jpg,»Æ¹³òÌµû,2473,3605,1120,2357
597,IMG_001187.jpg,»Æ¹³òÌµû,2623,3505,1170,2376
598,IMG_001188.jpg,»Æ¹³òÌµû,2836,3186,1426,1945
599,IMG_001189.jpg,»Æ¹³òÌµû,2792,3142,1507,2070
600,IMG_001190.jpg,»Æ¹³òÌµû,2736,3192,1420,2132
601,IMG_001193.jpg,»Æ¹³òÌµû,2817,3155,1557,1951
602,IMG_001196.jpg,»Æ¹³òÌµû,2798,3155,1326,2176
603,IMG_001199.jpg,»Æ¹³òÌµû,2817,3411,1195,2007
604,IMG_001201.jpg,»Æ¹³òÌµû,2423,3523,276,2264
605,IMG_001202.jpg,»Æ¹³òÌµû,2673,3698,1482,2251
606,IMG_001203.jpg,»Æ¹³òÌµû,2723,3330,1564,2126
607,IMG_001204.jpg,»Æ¹³òÌµû,1318,1960,1058,1396
608,IMG_001206.jpg,ºÚÍøòÌµû,1715,3553,1318,2574
609,IMG_001212.jpg,¿í±ß»Æ·Ûµû,2049,2623,693,1578
610,IMG_001213.jpg,¿í±ß»Æ·Ûµû,2148,2725,995,1874
611,IMG_001214.jpg,¿í±ß»Æ·Ûµû,2175,2770,810,1313
612,IMG_001215.jpg,¿í±ß»Æ·Ûµû,1998,2577,1163,1640
613,IMG_001218.jpg,¿í±ß»Æ·Ûµû,2041,2718,1158,1747
614,IMG_001219.jpg,¿í±ß»Æ·Ûµû,1756,2434,1033,1617
615,IMG_001220.jpg,¿í±ß»Æ·Ûµû,1992,2470,1031,1446
616,IMG_001223.jpg,¿í±ß»Æ·Ûµû,2168,2959,808,1728
617,IMG_001224.jpg,¿í±ß»Æ·Ûµû,1816,2723,687,1787
618,IMG_001227.jpg,¿í±ß»Æ·Ûµû,1551,2362,924,1954
619,IMG_001231.jpg,¼â³á´äòÌµû,1480,3057,366,2224
620,IMG_001235.jpg,¼â³á´äòÌµû,1757,3134,612,2128
621,IMG_001236.jpg,¼â³á´äòÌµû,1746,3126,436,1886
622,IMG_001237.jpg,¼â³á´äòÌµû,1592,2996,474,1924
623,IMG_001238.jpg,¼â³á´äòÌµû,1658,3042,648,2320
624,IMG_001239.jpg,¼â³á´äòÌµû,1894,3662,320,2252
625,IMG_001240.jpg,¼â³á´äòÌµû,1546,3282,472,2268
626,IMG_001241.jpg,ËØÅªµû,2130,2430,1162,1418
627,IMG_001243.jpg,ËØÅªµû,1714,2430,1080,1580
628,IMG_001247.jpg,ËØÅªµû,2050,2558,1088,1444
629,IMG_001248.jpg,ËØÅªµû,1950,2430,1409,1754
630,IMG_001250.jpg,ËØÅªµû,2134,2638,1088,1452
631,IMG_001251.jpg,ËØÅªµû,2014,2526,1032,1400
632,IMG_001253.jpg,ËØÅªµû,1934,2614,964,1428
633,IMG_001256.jpg,ËØÅªµû,1962,2646,1024,1508
634,IMG_001258.jpg,ËØÅªµû,1970,2618,1208,1684
635,IMG_001259.jpg,ËØÅªµû,1910,2566,1016,1464
636,IMG_001260.jpg,ËØÅªµû,1754,2422,936,1392
637,IMG_001261.jpg,ËØÅªµû,1890,2574,1092,1560
638,IMG_001264.jpg,ËØÅªµû,1952,2435,1138,1424
639,IMG_001266.jpg,ËØÅªµû,1785,2439,920,1314
640,IMG_001267.jpg,ËØÅªµû,1890,2598,852,1272
641,IMG_001269.jpg,ËØÅªµû,1823,2503,1134,1544
642,IMG_001270.jpg,ËØÅªµû,1795,2460,1213,1619
643,IMG_001271.jpg,ËØÅªµû,1821,2436,1001,1423
644,IMG_001273.jpg,ËØÅªµû,1918,2541,1194,1620
645,IMG_001275.jpg,ËØÅªµû,1930,2638,1008,1447
646,IMG_001277.jpg,ËØÅªµû,1817,2507,1085,1521
647,IMG_001280.jpg,ËØÅªµû,1976,2525,1089,1442
648,IMG_001282.jpg,ËØÅªµû,2007,2640,1051,1468
649,IMG_001284.jpg,ËØÅªµû,2057,2605,1104,1496
650,IMG_001287.jpg,ËØÅªµû,1931,2568,922,1468
651,IMG_001290.jpg,ËØÅªµû,1831,2480,1087,1425
652,IMG_001296.jpg,´äÐä¾âÑÛµû,2137,2846,790,1868
653,IMG_001298.jpg,´äÐä¾âÑÛµû,1162,2345,302,1513
654,IMG_001299.jpg,´äÐä¾âÑÛµû,1703,2866,626,1815
655,IMG_001300.jpg,´äÐä¾âÑÛµû,1975,3251,593,1826
656,IMG_001301.jpg,´äÐä¾âÑÛµû,1527,2662,730,2046
657,IMG_001302.jpg,´äÐä¾âÑÛµû,1666,2486,861,1667
658,IMG_001305.jpg,´äÐä¾âÑÛµû,1918,2387,946,1578
659,IMG_001306.jpg,´äÐä¾âÑÛµû,1966,2548,1079,1687
660,IMG_001307.jpg,´äÐä¾âÑÛµû,2104,2682,999,1613
661,IMG_001309.jpg,´äÐä¾âÑÛµû,1855,2737,872,1645
662,IMG_001315.jpg,´äÐä¾âÑÛµû,2073,2562,933,1251
663,IMG_001316.jpg,´äÐä¾âÑÛµû,1736,2441,913,1190
664,IMG_001318.jpg,´äÐä¾âÑÛµû,2148,2262,1181,1317
665,IMG_001319.jpg,´äÐä¾âÑÛµû,2095,2379,1126,1495
666,IMG_001323.jpg,´äÐä¾âÑÛµû,2080,2637,1040,1751
667,IMG_001325.jpg,´äÐä¾âÑÛµû,1861,2666,801,1554
668,IMG_001326.jpg,´äÐä¾âÑÛµû,2142,2910,1411,2091
669,IMG_001329.jpg,´äÐä¾âÑÛµû,2119,2504,986,1409
670,IMG_001337.jpg,´äÐä¾âÑÛµû,1668,3456,81,2014
671,IMG_001338.jpg,´äÐä¾âÑÛµû,1527,3097,376,2139
672,IMG_001339.jpg,´äÐä¾âÑÛµû,1681,3214,456,2185
673,IMG_001340.jpg,´äÐä¾âÑÛµû,1772,3435,422,2239
674,IMG_001341.jpg,´äÐä¾âÑÛµû,1085,2843,1,1618
675,IMG_001342.jpg,´äÐä¾âÑÛµû,1489,3035,547,2051
676,IMG_001343.jpg,´äÐä¾âÑÛµû,860,2893,6,1726
677,IMG_001346.jpg,´äÐä¾âÑÛµû,2081,2635,851,1353
678,IMG_001347.jpg,´äÐä¾âÑÛµû,1852,3160,656,1851
679,IMG_001348.jpg,´äÐä¾âÑÛµû,2227,3293,676,1901
680,IMG_001349.jpg,À¶µã×Ï°ßµû,2097,2660,660,1026
681,IMG_001352.jpg,À¶µã×Ï°ßµû,1624,2265,232,739
682,IMG_001353.jpg,À¶µã×Ï°ßµû,2231,2875,418,932
683,IMG_001357.jpg,À¶µã×Ï°ßµû,1978,2630,1180,1652
684,IMG_001358.jpg,À¶µã×Ï°ßµû,1879,2360,1211,1739
685,IMG_001359.jpg,À¶µã×Ï°ßµû,1999,2692,1176,1693
686,IMG_001360.jpg,À¶µã×Ï°ßµû,2286,2632,795,1399
687,IMG_001361.jpg,À¶µã×Ï°ßµû,1855,2275,680,1249
688,IMG_001362.jpg,À¶µã×Ï°ßµû,2028,2505,957,1495
689,IMG_001367.jpg,À¶µã×Ï°ßµû,1898,2536,1457,1926
690,IMG_001371.jpg,ÉßÄ¿ºÖò¹µû,2259,2705,838,1299
691,IMG_001372.jpg,ÉßÄ¿ºÖò¹µû,2078,2644,803,1418
692,IMG_001375.jpg,ÉßÄ¿ºÖò¹µû,2090,2690,934,1430
693,IMG_001378.jpg,ÉßÄ¿ºÖò¹µû,2086,2755,857,1461
694,IMG_001379.jpg,ÉßÄ¿ºÖò¹µû,2082,2740,799,1418
695,IMG_001380.jpg,ÉßÄ¿ºÖò¹µû,2309,2652,1045,1376
696,IMG_001381.jpg,ÉßÄ¿ºÖò¹µû,2113,2555,1084,1526
697,IMG_001383.jpg,ÉßÄ¿ºÖò¹µû,2221,2559,1203,1507
698,IMG_001384.jpg,ÉßÄ¿ºÖò¹µû,2121,2559,1038,1453
699,IMG_001385.jpg,ÉßÄ¿ºÖò¹µû,2144,2544,1014,1430
700,IMG_001387.jpg,ÉßÄ¿ºÖò¹µû,1986,2613,907,1545
701,IMG_001389.jpg,ÑÅÅªµû,2189,2972,788,1496
702,IMG_001390.jpg,ÑÅÅªµû,1943,2718,1038,1754
703,IMG_001391.jpg,ÑÅÅªµû,1918,2702,621,1371
704,IMG_001394.jpg,ÑÅÅªµû,1664,2485,750,1371
705,IMG_001395.jpg,ÑÅÅªµû,1997,2814,1025,1596
706,IMG_001399.jpg,ÑÅÅªµû,1822,2306,900,1371
707,IMG_001404.jpg,ÑÅÅªµû,1868,2602,463,1125
708,IMG_001406.jpg,ÑÅÅªµû,2131,2702,1133,1483
709,IMG_001408.jpg,ÑÅÅªµû,2164,2818,1142,1567
710,IMG_001410.jpg,ÑÅÅªµû,2789,3393,325,775
711,IMG_001412.jpg,ÑÅÅªµû,1789,2427,1304,1646
712,IMG_001413.jpg,ÑÅÅªµû,2027,2697,921,1342
713,IMG_001414.jpg,ÑÅÅªµû,2027,2581,583,946
714,IMG_001416.jpg,ÑÅÅªµû,2218,2818,804,1204
715,IMG_001417.jpg,ÑÅÅªµû,2139,2647,929,1321
716,IMG_001421.jpg,ÑÅÅªµû,1881,2372,913,1325
717,IMG_001422.jpg,ÑÅÅªµû,2035,2556,488,954
718,IMG_001424.jpg,ÑÅÅªµû,2068,2768,613,1175
719,IMG_001425.jpg,ÑÅÅªµû,1902,2493,1108,1654
720,IMG_001426.jpg,ÑÅÅªµû,2202,2756,979,1538
